{
  "project_info": {
    "project_number": "74217181363",
    "project_id": "sinch-chat-32e52",
    "storage_bucket": "sinch-chat-32e52.appspot.com"
  },
  "client": [
    {
      "client_info": {
        "mobilesdk_app_id": "1:74217181363:android:65abb632bb914e88b4a0c6",
        "android_client_info": {
          "package_name": "com.sinch.chatdevapp"
        }
      },
      "oauth_client": [
        {
          "client_id": "74217181363-53m7h7drbprta9ksnb4lr0inusr92q1t.apps.googleusercontent.com",
          "client_type": 3
        }
      ],
      "api_key": [
        {
          "current_key": "AIzaSyB5IALGTNeN3oD14kwzEV7b9otGLdVFHwA"
        }
      ],
      "services": {
        "appinvite_service": {
          "other_platform_oauth_client": [
            {
              "client_id": "74217181363-53m7h7drbprta9ksnb4lr0inusr92q1t.apps.googleusercontent.com",
              "client_type": 3
            }
          ]
        }
      }
    }
  ],
  "configuration_version": "1"
}